id,title,description,availability,condition,price,link,image_link,brand,product_type,custom_label_0,custom_label_1
erna-44-2.5x4.5,Caseta de madera Erna 2.5x4.5,"Con techo a dos aguas, paredes de 44 mm y suelo de 19 mm, ofrece 9,3 m² de espacio interior. El doble acristalamiento y su distribución de una sola habitación lo hacen ideal para un pequeño estudio o habitación de invitados. Camión completo: 12 unidades. Dimensiones del paquete: (700 x 4700 x 1200)",in stock,new,3100.00 EUR,https://maderarey.com/house.html?casa=erna-44-2.5x4.5,https://maderarey.com/houses/erna-44-2.5x4.5/107-Erna_2_5x4_5_44mm-P_3d_63078.jpg,MaderaRey,Caseta de madera,casetas,
garaje-44-3.2x5.2,Garaje de madera Garaje 3.2x5.2,"Garaje compacto con tejado a dos aguas y paredes de 44 mm de espesor, que ofrece 14,3 m² de espacio interior. Ideal para guardar un solo vehículo, con un acabado limpio y duradero.",in stock,new,3500.00 EUR,https://maderarey.com/house.html?casa=garaje-44-3.2x5.2,https://maderarey.com/houses/garaje-44-3.2x5.2/107-medium-Garage_3_2x5_2_44mm-P_26600.jpg,MaderaRey,Garaje de madera,garajes,
linus-44-4x4,Cabaña de madera Linus 4x4,"Esta caseta de jardín con tejado a dos aguas cuenta con paredes de 44 mm de grosor y suelo de 19 mm, ofreciendo 13,8 m² de espacio interior. Su doble acristalamiento y su distribución de una sola habitación la hacen ideal como estudio luminoso, habitación de invitados u oficina de jardín. Camiòn completo: 12 unidades. Dimensiones del paquete: (800 x 5000 x 1200)",in stock,new,3900.00 EUR,https://maderarey.com/house.html?casa=linus-44-4x4,https://maderarey.com/houses/linus-44-4x4/107-Linus_4_series_44mm-P_3d_44655.jpg,MaderaRey,Cabaña de madera,cabanas,
garaje-44-4x6,Garaje de madera Garaje 4x6,"Este garaje cuenta con techo a dos aguas y paredes de 44 mm de espesor. Con una superficie de techo de 27,5 m², es una solución robusta para el almacenamiento de vehículos. . Dimensiones del paquete: (640 x 6000 x 1200)",in stock,new,4000.00 EUR,https://maderarey.com/house.html?casa=garaje-44-4x6,https://maderarey.com/houses/garaje-44-4x6/107-medium-Garage_4x6_44mm-P_14225.jpg,MaderaRey,Garaje de madera,garajes,
deko-44-5x3,Caseta de madera Deko 5x3,"Esta caseta de jardín con tejado a dos aguas cuenta con paredes de 44 mm de grosor y suelo de 19 mm, ofreciendo 12,7 m² de espacio interior. Con doble acristalamiento y distribución de una sola habitación, es ideal para un refugio acogedor o un espacio de trabajo con estilo. Camiòn completo: 12 unidades. Dimensiones del paquete: (850 x 5000 x 1200)",in stock,new,4100.00 EUR,https://maderarey.com/house.html?casa=deko-44-5x3,https://maderarey.com/houses/deko-44-5x3/23-Deko_5x3_44mm-P_3d_68459.jpg,MaderaRey,Caseta de madera,casetas,
linus-44-4x5,Cabaña de madera Linus 4x5,"Esta caseta de jardín con tejado a dos aguas cuenta con paredes de 44 mm de grosor y suelo de 19 mm, ofreciendo 17,5 m² de espacio interior. Con doble acristalamiento y una distribución espaciosa, es ideal para una oficina en casa, un estudio creativo o una habitación de invitados. Camiòn completo: 12 unidades. Dimensiones del paquete: (800 x 6000 x 1200)",in stock,new,4300.00 EUR,https://maderarey.com/house.html?casa=linus-44-4x5,https://maderarey.com/houses/linus-44-4x5/107-Linus_4_series_44mm-P_3d_44655.jpg,MaderaRey,Cabaña de madera,cabanas,
linus-44-5x4,Cabaña de madera Linus 5x4,"Esta caseta de jardín con tejado a dos aguas cuenta con paredes de 44 mm de grosor y suelo de 19 mm, ofreciendo 17,5 m² de espacio interior. Con doble acristalamiento y distribución de una sola habitación, es perfecta para un espacio de trabajo luminoso, una sala de aficiones o una habitación de invitados. Camiòn completo: 12 unidades. Dimensiones del paquete: (850 x 5000 x 1200)",in stock,new,4400.00 EUR,https://maderarey.com/house.html?casa=linus-44-5x4,https://maderarey.com/houses/linus-44-5x4/107-Linus_5_series_44mm-P_3d_95354.jpg,MaderaRey,Cabaña de madera,cabanas,
milano-44-3.8x5.3,Caseta de madera Milano 3.8x5.3,"Esta casita de jardín con tejado a dos aguas cuenta con paredes de 44 mm de grosor y suelo de 19 mm, ofreciendo 12,3 m² de espacio interior. Con doble acristalamiento, un porche de 5,1 m y tres ventanas, es ideal como estudio con estilo, habitación de invitados compacta o refugio de temporada.",in stock,new,4440.00 EUR,https://maderarey.com/house.html?casa=milano-44-3.8x5.3,https://maderarey.com/houses/milano-44-3.8x5.3/107-Milano_3_8x3_8_44mm-E_03673.jpg,MaderaRey,Caseta de madera,casetas,
garaje-44-5x5,Garaje de madera Garaje 5x5,Garaje de planta cuadrada con 22 m² de espacio interior y paredes de 44 mm de espesor. Su techo a dos aguas y diseño de una sola habitación lo convierten en una solución robusta y elegante para el almacenamiento de vehículos compactos.  Dimensiones del paquete: (880 x 5200 x 1200 mm).,in stock,new,4800.00 EUR,https://maderarey.com/house.html?casa=garaje-44-5x5,https://maderarey.com/houses/garaje-44-5x5/107-Garage_5x5_3_83271.jpg,MaderaRey,Garaje de madera,garajes,
linus-44-5x5,Cabaña de madera Linus 5x5,"Esta caseta de jardín con tejado a dos aguas cuenta con paredes de 44 mm de grosor y suelo de 19 mm, ofreciendo 22,2 m² de espacio interior. Con doble acristalamiento y una distribución espaciosa, es perfecta para una oficina en casa, un estudio o una casa de huéspedes. Paquete completo: 12 unidades. Dimensiones del paquete: (850 x 6000 x 1200)",in stock,new,4800.00 EUR,https://maderarey.com/house.html?casa=linus-44-5x5,https://maderarey.com/houses/linus-44-5x5/107-Linus_5_series_44mm-P_3d_95354.jpg,MaderaRey,Cabaña de madera,cabanas,
linus-44-6x4,Cabaña de madera Linus 6x4,"Esta caseta de jardín con tejado a dos aguas cuenta con paredes de 44 mm de grosor y suelo de 19 mm, ofreciendo 21,2 m² de espacio interior. Con doble acristalamiento y distribución de una sola habitación, es ideal como espacio de trabajo luminoso, sala de ocio o alojamiento para invitados. Paquete completo: 8 unidades. Dimensiones del paquete: (920 x 6000 x 1200)",in stock,new,4800.00 EUR,https://maderarey.com/house.html?casa=linus-44-6x4,https://maderarey.com/houses/linus-44-6x4/107-Linus_6_series_44mm-P_3d_74997.jpg,MaderaRey,Cabaña de madera,cabanas,
oficina-nuuk-44-5x3.84,Caseta de madera Nuuk 5x3.84,"cubierta EPDM - 1150
Nuuk es una oficina en casa compacta con techo plano, paredes de 44 mm y suelo de 19 mm, que ofrece 12,8 m² de espacio interior. Su diseño minimalista es perfecto para una pequeña oficina o un rincón de jardín. Camiòn completo: 10 unidades. Dimensiones del paquete: (820 x 5200 x 1200), (ST600 x 2200 x 1720)",in stock,new,5000.00 EUR,https://maderarey.com/house.html?casa=oficina-nuuk-44-5x3.84,https://maderarey.com/houses/oficina-nuuk-44-5x3.84/107-Nuuk_5x3_844_4_-_Photo_58022.jpg,MaderaRey,Caseta de madera,casetas,
cochera--trastero-44-5.7x5.3,Garaje de madera Cochera  trastero 5.7x5.3,"Una práctica unidad combinada con techo a dos aguas y paredes de 44 mm, que ofrece estacionamiento cubierto y un trastero. Cuenta con una superficie total de 34,5 m², ideal para un uso compacto.",in stock,new,5200.00 EUR,https://maderarey.com/house.html?casa=cochera--trastero-44-5.7x5.3,https://maderarey.com/houses/cochera--trastero-44-5.7x5.3/23-Carport+storage_5_7x5_3-1_62948.jpg,MaderaRey,Garaje de madera,garajes,
oficina-wik-44-4.5x3.5,Caseta de madera Wik 4.5x3.5,"cubierta EPDM -1110
Esta cabina tiene una superficie de 13,5 m² y está construida con paredes de 44 mm y suelo de 19 mm. Su diseño permite un doble uso como espacio de trabajo y sala de estar, con abundante luz natural. Camión completo: 12 unidades. Dimensiones del paquete: (840 x 4900 x 1200), (ST560 x 2200 x 1800)",in stock,new,5300.00 EUR,https://maderarey.com/house.html?casa=oficina-wik-44-4.5x3.5,https://maderarey.com/houses/oficina-wik-44-4.5x3.5/107-Wik_4_5x3_5_dazyta_1_-_Photo_44088.jpg,MaderaRey,Caseta de madera,casetas,
linus-44-6x5,Cabaña de madera Linus 6x5,"Esta caseta de jardín con tejado a dos aguas cuenta con paredes de 44 mm de grosor y suelo de 19 mm, ofreciendo 26,9 m² de espacio interior. Con doble acristalamiento y una distribución espaciosa, es ideal para una oficina en casa, un estudio creativo o una habitación de invitados. Paquete completo: 10 unidades. Dimensiones del paquete: (800 x 6000 x 1200), (400 x 3300 x 1200)",in stock,new,5400.00 EUR,https://maderarey.com/house.html?casa=linus-44-6x5,https://maderarey.com/houses/linus-44-6x5/107-Linus_6_series_44mm-P_3d_74997.jpg,MaderaRey,Cabaña de madera,cabanas,
garaje-44-6x6,Garaje de madera Garaje 6x6,"Un garaje espacioso con paredes de 44 mm y techo a dos aguas. Incluye 1 habitación y tiene una superficie de 40,6 m², ideal para vehículos grandes o almacenamiento adicional. Camiòn completo de 8 unidades. Dimensiones del paquete: (980 x 6000 x 1200)",in stock,new,5600.00 EUR,https://maderarey.com/house.html?casa=garaje-44-6x6,https://maderarey.com/houses/garaje-44-6x6/107-Garage_6x6_5_01160.jpg,MaderaRey,Garaje de madera,garajes,
garajecochera-44-6.8x5.6,Garaje de madera Garajecochera 6.8x5.6,"Esta unidad, que combina garaje y cochera bajo un mismo techo a dos aguas, tiene paredes de 44 mm de espesor.  Dimensiones del paquete: (900 x 6000 x 1200)",in stock,new,5700.00 EUR,https://maderarey.com/house.html?casa=garajecochera-44-6.8x5.6,https://maderarey.com/houses/garajecochera-44-6.8x5.6/107-Garage_+carport_6_8x5_6_2_99099.jpg,MaderaRey,Garaje de madera,garajes,
linus-44-5x4-wc,Cabaña de madera Linus WC 5x4,"Esta caseta de jardín con tejado a dos aguas cuenta con paredes de 44 mm de grosor y suelo de 19 mm, ofreciendo 17,3 m² de espacio interior. Con doble acristalamiento y un aseo integrado, es ideal como despacho de jardín totalmente funcional o como habitación de invitados.",in stock,new,5700.00 EUR,https://maderarey.com/house.html?casa=linus-44-5x4-wc,https://maderarey.com/houses/linus-44-5x4-wc/107-Linus_5_series_44mm-P_3d_95354.jpg,MaderaRey,Cabaña de madera,cabanas,
linus-44-5x5-wc,Cabaña de madera Linus WC 5x5,"Esta caseta de jardín con tejado a dos aguas cuenta con paredes de 44 mm de grosor y suelo de 19 mm, ofreciendo 21,9 m² de espacio interior. Con doble acristalamiento y un aseo integrado, es ideal como oficina de jardín totalmente funcional, habitación de invitados o estudio con todas las comodidades.",in stock,new,6100.00 EUR,https://maderarey.com/house.html?casa=linus-44-5x5-wc,https://maderarey.com/houses/linus-44-5x5-wc/107-Linus_5_series_44mm-P_3d_95354.jpg,MaderaRey,Cabaña de madera,cabanas,
linus-44-6x6,Cabaña de madera Linus 6x6,"Esta caseta de jardín con tejado a dos aguas cuenta con paredes de 44 mm de grosor y suelo de 19 mm, ofreciendo 32,6 m² de espacio interior. Con doble acristalamiento y una distribución espaciosa, es ideal como estudio, casa de huéspedes o refugio multiusos. Camión completo: 8 unidades. Dimensiones del paquete: (880 x 6000 x 1200). (430 x 3300 x 1200)",in stock,new,6100.00 EUR,https://maderarey.com/house.html?casa=linus-44-6x6,https://maderarey.com/houses/linus-44-6x6/107-Linus_6_series_44mm-P_3d_74997.jpg,MaderaRey,Cabaña de madera,cabanas,
murray-44-4x6,Cabaña de madera Murray 4x6,"Esta caseta de jardín con tejado a dos aguas cuenta con paredes de 44 mm de grosor y suelo de 19 mm, ofreciendo 21,1 m² de espacio interior. Con doble acristalamiento y cuatro grandes ventanas, es ideal para un estudio luminoso, una habitación de invitados o un despacho espacioso. Camiòn completo: 8 unidades. Dimensiones del paquete: (900 x 6000 x 1200). (350 x 2400 x 1200)",in stock,new,6100.00 EUR,https://maderarey.com/house.html?casa=murray-44-4x6,https://maderarey.com/houses/murray-44-4x6/107-Murray_4x6_44mm-P_3d_2_28353.jpg,MaderaRey,Cabaña de madera,cabanas,
roberto-44-5.6x4,Cabaña de madera Roberto 5.6x4,"Cabaña premium con techo a dos aguas, paredes de 44 mm y suelo de 19 mm, que ofrece 19,5 m². Ventanas de doble acristalamiento y un diseño elegante, ideal para uso residencial.",in stock,new,6500.00 EUR,https://maderarey.com/house.html?casa=roberto-44-5.6x4,https://maderarey.com/houses/roberto-44-5.6x4/107-Roberto_5_6x4_44mm-P_3d_52423.jpg,MaderaRey,Cabaña de madera,cabanas,
linus-44-6x5-wc,Cabaña de madera Linus WC 6x5,"Esta caseta de jardín con tejado a dos aguas cuenta con paredes de 44 mm de grosor y suelo de 19 mm, ofreciendo 26,7 m² de espacio interior. Con doble acristalamiento y un aseo integrado, es perfecta para una oficina de jardín totalmente funcional o para alojar invitados.",in stock,new,6800.00 EUR,https://maderarey.com/house.html?casa=linus-44-6x5-wc,https://maderarey.com/houses/linus-44-6x5-wc/107-Linus_6_series_44mm-P_3d_74997.jpg,MaderaRey,Cabaña de madera,cabanas,
ottawa-44-6x4.5,Cabaña de madera Ottawa 6x4.5,"cubierta EPDM - 1500
Esta casita de jardín cuenta con paredes de 44 mm de grosor y suelo de madera de 19 mm, ofreciendo 23,8 m² de espacio interior. Con doble acristalamiento, cuatro ventanas y una distribución moderna y funcional, es ideal para una espaciosa oficina en casa, un estudio o una habitación de invitados.",in stock,new,7000.00 EUR,https://maderarey.com/house.html?casa=ottawa-44-6x4.5,https://maderarey.com/houses/ottawa-44-6x4.5/107-Ottawa_6x4_5_44mm-P_3d_exter_2.jpg,MaderaRey,Cabaña de madera,cabanas,
trento-44-6x5,Cabaña de madera Trento 6x5,"Con paredes de 44 mm y suelo de 19 mm, esta cabaña de 26,9 m² ofrece una distribución equilibrada bajo un tejado a dos aguas. Sus ventanas de doble acristalamiento y su sólida construcción la hacen ideal para uso residencial o como estudio.",in stock,new,7000.00 EUR,https://maderarey.com/house.html?casa=trento-44-6x5,https://maderarey.com/houses/trento-44-6x5/107-Trento_6x5_44mm-P_3d_2_73138.jpg,MaderaRey,Cabaña de madera,cabanas,
helmand-44-3x9,Cabaña de madera Helmand 3x9,"Esta casita de jardín con tejado a dos aguas cuenta con paredes de 44 mm de grosor y suelo de 19 mm, ofreciendo 21,8 m² de espacio interior. Con doble acristalamiento y una distribución en varias habitaciones, es ideal como despacho espacioso, alojamiento para invitados o refugio creativo.",in stock,new,7300.00 EUR,https://maderarey.com/house.html?casa=helmand-44-3x9,https://maderarey.com/houses/helmand-44-3x9/107-Helmand_3x9_44mm-P_2_06708.jpg,MaderaRey,Cabaña de madera,cabanas,
oficina-emily-44-4.04x7.8,Cabaña de madera Emily 4.04x7.8,"Esta cabaña con techo a dos aguas cuenta con paredes de 44 mm de grosor y suelo de 19 mm, abarcando 21,6 m². Su diseño espacioso y sus ventanas de doble acristalamiento la convierten en una opción versátil para habitación de invitados, oficina o espacio creativo. Camión completo: 6 unidades. Dimensiones del paquete: (880 x 6000 x 1200), (500 x 4600 x 1200)",in stock,new,7600.00 EUR,https://maderarey.com/house.html?casa=oficina-emily-44-4.04x7.8,https://maderarey.com/houses/oficina-emily-44-4.04x7.8/107-Emily-3_09293.jpg,MaderaRey,Cabaña de madera,cabanas,
hakan-b-44-7x7.19,Casa de madera Hakan B 7x7.19,"Esta casa de verano de 46 m2 cuenta con una distribución bien planificada con una sala de estar, dormitorio y baño. La terraza de 6 m2 incluida la convierte en una opción popular para aquellos que buscan un refugio de verano cómodo y funcional.",in stock,new,7700.00 EUR,https://maderarey.com/house.html?casa=hakan-b-44-7x7.19,https://maderarey.com/houses/hakan-b-44-7x7.19/107-Hakan_B_7x7_19_44mm-E_75273.jpg,MaderaRey,Casa de madera,viviendas,
padova-a-44-6x4.5,Cabaña de madera Padova A 6x4.5,"Caseta de jardín de alta calidad con techo a dos aguas, paredes de 44 mm y suelo de 19 mm, con una superficie de 23,8 m². Ideal para uso multifuncional en el jardín o como vivienda ligera. Camiòn completo de 8 unidades. Dimensiones del paquete: (870 x 6000 x 1200 mm), (500 x 4300 x 1200 mm).",in stock,new,7700.00 EUR,https://maderarey.com/house.html?casa=padova-a-44-6x4.5,https://maderarey.com/houses/padova-a-44-6x4.5/107-Padova_A_6x4_5_4mm-P_3d_2_87704.jpg,MaderaRey,Cabaña de madera,cabanas,
linus-44-6x6-wc,Cabaña de madera Linus WC 6x6,"Esta caseta de jardín con tejado a dos aguas cuenta con paredes de 44 mm de grosor y suelo de 19 mm, ofreciendo 32,4 m² de espacio interior. Con doble acristalamiento y un aseo integrado, es ideal como oficina de jardín totalmente equipada o alojamiento para invitados. Paquete completo: 6 unidades. Dimensiones del paquete: (880 x 6000 x 1200), (530 x 3600 x 1200)",in stock,new,7710.00 EUR,https://maderarey.com/house.html?casa=linus-44-6x6-wc,https://maderarey.com/houses/linus-44-6x6-wc/107-Linus_6_series_44mm-P_3d_74997.jpg,MaderaRey,Cabaña de madera,cabanas,
eko-44-5x5.7,Cabaña de madera Eko 5x5.7,"Esta casita de jardín con tejado a dos aguas ofrece 25,1 m² de espacio interior, construida con paredes de 44 mm y suelo de tablones de 19 mm. Con varias habitaciones y doble acristalamiento, es perfecta para un despacho espacioso o una casa de invitados.",in stock,new,7810.00 EUR,https://maderarey.com/house.html?casa=eko-44-5x5.7,https://maderarey.com/houses/eko-44-5x5.7/107-Eko_5x5_7_44mm-P_3d_1_94011.jpg,MaderaRey,Cabaña de madera,cabanas,
rico-44-4.04x7.8,Cabaña de madera Rico 4.04x7.8,"cubierta EPDM - 1750
Caseta premium de techo plano con paredes de 44 mm y suelo de 19 mm, que ofrece 21,3 m². Ideal para estudio, oficina o habitación de invitados.",in stock,new,7900.00 EUR,https://maderarey.com/house.html?casa=rico-44-4.04x7.8,https://maderarey.com/houses/rico-44-4.04x7.8/107-Rico_4_04x7_8_44mm-P_3d_2_36960.jpg,MaderaRey,Cabaña de madera,cabanas,
oficina-bergen-44-4.2x8,Cabaña de madera Bergen 4.2x8,"Bergen ofrece una distribución elegante y alargada con 16,8 m² de espacio interior. Construido con paredes de 44 mm y suelo de 19 mm, es ideal para usar como estudio moderno o sala de estar en el jardín. Camión completo: 7 unidades. Dimensiones del paquete: (870 x 6000 x 1200), (550 x 4400 x 1200)",in stock,new,8000.00 EUR,https://maderarey.com/house.html?casa=oficina-bergen-44-4.2x8,https://maderarey.com/houses/oficina-bergen-44-4.2x8/23-bergen_6_00425.jpg,MaderaRey,Cabaña de madera,cabanas,
hakan-a-44-6x5.2,Cabaña de madera Hakan A 6x5.2,"Esta caseta de jardín con tejado a dos aguas cuenta con paredes de 44 mm de grosor y suelo de 19 mm, ofreciendo 27,6 m² de espacio interior. Con doble acristalamiento y una distribución en varias habitaciones, es ideal para una oficina en casa espaciosa, alojamiento para invitados o estudio creativo. Camión completo: 12 unidades. Dimensiones del paquete: (880 x 5960 x 1200), (650 x 4900 x 1200)",in stock,new,8600.00 EUR,https://maderarey.com/house.html?casa=hakan-a-44-6x5.2,https://maderarey.com/houses/hakan-a-44-6x5.2/107-Hakan_A_6x5_2_44mm-3_43773.jpg,MaderaRey,Cabaña de madera,cabanas,
padova-b-44-6x6.5,Casa de madera Padova B 6x6.5,"Casa premium con techo a dos aguas, paredes de 44 mm y suelo de 19 mm, con una superficie de 35,1 m². Ventanas de doble acristalamiento y distribución espaciosa, ideal para uso profesional. Camión completo: 6 unidades. Dimensiones del paquete: (890 x 6000 x 1200 mm), (700 x 6000 x 1200 mm).",in stock,new,9500.00 EUR,https://maderarey.com/house.html?casa=padova-b-44-6x6.5,https://maderarey.com/houses/padova-b-44-6x6.5/107-Padova_B_6x6_5_44mm-P_3d_2_16650.jpg,MaderaRey,Casa de madera,viviendas,
torino-44-4.5x6,Casa de madera Torino 4.5x6,"Casa premium con techo a dos aguas, paredes de 44 mm y suelo de 19 mm, con una superficie de 23,7 m². Ideal para estudio, oficina o uso residencial ligero. Paquete completo de 6 unidades. Dimensiones del paquete: (880 x 6000 x 1200) / (600 x 6000 x 1200).",in stock,new,9990.00 EUR,https://maderarey.com/house.html?casa=torino-44-4.5x6,https://maderarey.com/houses/torino-44-4.5x6/107-Torino_4_5x6_44mm_5_74099.jpg,MaderaRey,Casa de madera > Premium,viviendas,premium
alma-44-7.05x8,Casa de madera Alma 7.05x8,"Alma es una espaciosa caseta de jardín con paredes de 44 mm y suelo de 19 mm, que ofrece 32,1 m² de superficie interior. Su tejado a dos aguas y su distribución multihabitación la hacen ideal tanto para uso residencial como recreativo. Paquete completo: 6 unidades. Dimensiones del paquete: (870 x 6000 x 1200), (870 x 3000 x 1200)",in stock,new,10900.00 EUR,https://maderarey.com/house.html?casa=alma-44-7.05x8,https://maderarey.com/houses/alma-44-7.05x8/107-Alma_7_05x8_3d_2_85467.jpg,MaderaRey,Casa de madera > Premium,viviendas,premium
louise-44-6x6,Cabaña de madera Louise 6x6,"Esta cabaña de 32,2 m² combina simetría y sencillez, construida con paredes de 44 mm de grosor y suelo de tablones de 19 mm. Su tejado a dos aguas y su distribución diáfana la hacen ideal para vivir durante las temporadas de verano, como estudio o para alojar invitados.",in stock,new,11200.00 EUR,https://maderarey.com/house.html?casa=louise-44-6x6,https://maderarey.com/houses/louise-44-6x6/107-Louise_6x6_68mm_exter_2.jpg,MaderaRey,Cabaña de madera > Premium,cabanas,premium
lukas-44-6.5x7.7,Casa de madera Lukas 6.5x7.7,"Compacta pero funcional, Lukas ofrece 37,8 m² de espacio interior con paredes de 44 mm, suelo de 28 mm y un tejado a dos aguas de 3,11 m de altura. Incluye 2 dormitorios, una zona de estar/cocina integrada y un baño. Camión completo: 6 unidades. Dimensiones del paquete: (880 x 6000 x 1200), (860 x 6050 x 1200)",in stock,new,11800.00 EUR,https://maderarey.com/house.html?casa=lukas-44-6.5x7.7,https://maderarey.com/houses/lukas-44-6.5x7.7/107-Lukas_6_5x7_7_3d_3_mueble.jpg,MaderaRey,Casa de madera > Premium,viviendas,premium
almeria-44-6x8.87,Casa de madera Almería 6x8.87,"Ofrece 42,3 m² de espacio interior y una terraza de 5,3 m², construida con paredes de abeto de 44 mm, suelo de tablones de 19 mm y tejado a dos aguas con una altura máxima de 3,06 m. Incluye 2 dormitorios, salón y cocina, ideal para disfrutar de una estancia confortable durante todo el año. Camión completo: 5 unidades. Dimensiones del paquete: (850x6000x1200), (800x6000x1200), (600x3400x1200)",in stock,new,12000.00 EUR,https://maderarey.com/house.html?casa=almer%C3%ADa-44-6x8.87,https://maderarey.com/houses/almer%C3%ADa-44-6x8.87/107-Almeria_6x8_87_3d_1_80795.jpg,MaderaRey,Casa de madera > Premium,viviendas,premium
gustav-a-44-6x6,Casa de madera Gustav A 6x6,"Esta cabaña de 31,5 m² cuenta con paredes de 44 mm y suelo de 19 mm, techo a dos aguas y varias habitaciones. Ideal para vivir en ella durante la temporada o todo el año. Camión completo: 4 unidades. Dimensiones del paquete: (870 x 6000 x 1200), (870 x 6000 x 1200), (520 x 3700 x 1200)",in stock,new,12420.00 EUR,https://maderarey.com/house.html?casa=gustav-a-44-6x6,https://maderarey.com/houses/gustav-a-44-6x6/107-Gustav_A_6x6_3d_3_41449.jpg,MaderaRey,Casa de madera > Premium,viviendas,premium
gustav-a-44-6x6-wc,Casa de madera Gustav A WC 6x6,"Consta de 46 m² de espacio interior y una terraza de 18,5 m², construida con paredes de 44 mm, suelo de madera de 19 mm y tejado a dos aguas de 4,12 m de altura. Dispone de 2 dormitorios, un altillo y un aseo: compacta pero completa.",in stock,new,15000.00 EUR,https://maderarey.com/house.html?casa=gustav-a-44-6x6-wc,https://maderarey.com/houses/gustav-a-44-6x6-wc/107-Gustav_A_6x6_WC_3d_41979.jpg,MaderaRey,Casa de madera > Premium,viviendas,premium
orlando-44-8x9,Casa de madera Orlando 8x9,"Orlando es una espaciosa cabaña estilo villa con 57,6 m² de superficie interior. Construida con paredes de 44 mm y suelo de 19 mm, está diseñada para residencia permanente o para disfrutar de una vida de lujo en el jardín. Paquete completo: 7 unidades. Dimensiones del paquete: (880 x 6000 x 1200), (860 x 6050 x 1200).",in stock,new,15200.00 EUR,https://maderarey.com/house.html?casa=orlando-44-8x9,https://maderarey.com/houses/orlando-44-8x9/107-Orlando_8x9_-_Picture1_82016.jpg,MaderaRey,Casa de madera > Premium,viviendas,premium
lukas-68-6.5x7.7,Casa de madera Lukas 6.5x7.7,"Compacta pero funcional, Lukas ofrece 37,8 m² de espacio interior con paredes de 68 mm, suelo de 28 mm y un tejado a dos aguas de 3,11 m de altura. Incluye 2 dormitorios, una zona de estar/cocina integrada y un baño. Camión completo: 4 unidades. Dimensiones del paquete: (870x6000x1200), (870x6000x1200), (830x6000x1200",in stock,new,15700.00 EUR,https://maderarey.com/house.html?casa=lukas-68-6.5x7.7,https://maderarey.com/houses/lukas-68-6.5x7.7/107-Lukas_6_5x7_7_3d_3_mueble.jpg,MaderaRey,Casa de madera,viviendas,
gustav-b-44-6x8,Casa de madera Gustav B 6x8,"Esta cabaña con techo a dos aguas, de 43,6 m², cuenta con paredes de 44 mm y suelo de tablones de 19 mm. Su distribución permite su uso en varias habitaciones, ya sea como vivienda o como estudio.",in stock,new,15800.00 EUR,https://maderarey.com/house.html?casa=gustav-b-44-6x8,https://maderarey.com/houses/gustav-b-44-6x8/107-Gustav_B_6x8_3d_2_11529.jpg,MaderaRey,Casa de madera > Premium,viviendas,premium
gustav-b-44-6x8-wc,Casa de madera Gustav B WC 6x8,"Cubre 44 m² de espacio interior más un altillo de 19 m² y una terraza de 21 m², construida con paredes de abeto de 44 mm y suelo de tablones de 19 mm. El tejado a dos aguas alcanza los 4,12 m, y la distribución incluye 2 dormitorios, una sala de estar y un aseo.",in stock,new,15900.00 EUR,https://maderarey.com/house.html?casa=gustav-b-44-6x8-wc,https://maderarey.com/houses/gustav-b-44-6x8-wc/107-Gustav_B_6x8_WC_3d_79681.jpg,MaderaRey,Casa de madera > Premium,viviendas,premium
almeria-68-6x8.87,Casa de madera Almeria 6x8.87,"Este elegante chalet abarca 41,8 m² y cuenta con paredes de 68 mm y suelos de 28 mm. Con techo a dos aguas y amplios ventanales, está diseñado para vivienda permanente o como estudio grande. Camión completo 3 casas. Tamaño del paquete (890x6000x1200), (890x6000x1200), (890x6000x1200), (300x3300x1200",in stock,new,16050.00 EUR,https://maderarey.com/house.html?casa=almeria-68-6x8.87,https://maderarey.com/houses/almeria-68-6x8.87/68_Almeria_aspecto_ext.jpg,MaderaRey,Casa de madera,viviendas,
typ-2-68-5.2x10.2,Casa de madera Typ 2 5.2x10.2,"TYP2 pertenece a la categoría de casa de madera de alta gama, con techo a dos aguas que complementa su elegante diseño. Cuenta con paredes de 68 mm de grosor y suelo de 28 mm, lo que garantiza resistencia estructural y eficiencia térmica. Ideal para un refugio acogedor o un espacio funcional en el jardín.",in stock,new,16200.00 EUR,https://maderarey.com/house.html?casa=typ-2-68-5.2x10.2,https://maderarey.com/houses/typ-2-68-5.2x10.2/107-Typ_2_5_2x10_2_9_52276.jpg,MaderaRey,Casa de madera,viviendas,
gustav-a-68-6x6,Casa de madera Gustav A 6x6,"Combina 32 m² de espacio interior con un altillo de 14 m² y una terraza de 19 m², construida con paredes de 68 mm y suelo de tablones de 28 mm. El tejado a dos aguas alcanza los 4,12 m de altura, con una distribución ideal para familias pequeñas o para uso de fin de semana.",in stock,new,16900.00 EUR,https://maderarey.com/house.html?casa=gustav-a-68-6x6,https://maderarey.com/houses/gustav-a-68-6x6/107-Gustav_A_6x6_3d_1_77869.jpg,MaderaRey,Casa de madera,viviendas,
scarlett-44-7x10.2,Casa de madera Scarlett 7x10.2,"Esta casa de 59,0 m² cuenta con techo a dos aguas, paredes de 44 mm y suelo de 19 mm. Su diseño permite un uso residencial con amplio espacio para personalización. Incluye 3 camiones completos. Dimensiones del paquete: (880x6000x1200), (870x6000x1200), (600x6000x1200), (500x3800x1200).",in stock,new,17000.00 EUR,https://maderarey.com/house.html?casa=scarlett-44-7x10.2,https://maderarey.com/houses/scarlett-44-7x10.2/107-Scarlett_7x10_2_3d_3_70633.jpg,MaderaRey,Casa de madera > Premium,viviendas,premium
iberica-t2-68,Casa de madera Iberica T2 6.36x8.86,"La casa de verano de 44 m2 cuenta con un diseño de techo único y superpuesto e incluye 2 dormitorios, un baño, área de cocina y sala de estar. Además, la casa cuenta con una terraza de 6 m2, lo que la convierte en una opción óptima para un retiro de verano compacto y funcional.",in stock,new,17100.00 EUR,https://maderarey.com/house.html?casa=iberica-t2-68,https://maderarey.com/houses/iberica-t2-68/107-Iberica_T2_6_36x8_86_3d_1_01907.jpg,MaderaRey,Casa de madera,viviendas,
jennifer-44-10.5x8.52,Casa de madera Jennifer 10.5x8.52,"Con paredes de 44 mm, suelo de madera de 18 mm y un tejado a dos aguas de 3,3 m de altura, Jennifer ofrece 65,4 m² de espacio interior y una terraza de 16,6 m². La distribución incluye dos dormitorios, una amplia zona de estar/cocina  y un baño, ideal para residencia permanente.",in stock,new,18800.00 EUR,https://maderarey.com/house.html?casa=jennifer-44-10.5x8.52,https://maderarey.com/houses/jennifer-44-10.5x8.52/107-Jennifer_10_5x8_52_3d_2_64172.jpg,MaderaRey,Casa de madera > Premium,viviendas,premium
max-68-5.6x6.6,Casa de madera Max 5.6x6.6,"Max ofrece 32,4 m² de espacio interior con paredes de 68 mm y suelo de 28 mm. Su tejado a dos aguas y su diseño diáfano lo convierten en una opción versátil para estudios o casas de huéspedes",in stock,new,19000.00 EUR,https://maderarey.com/house.html?casa=max-68-5.6x6.6,https://maderarey.com/houses/max-68-5.6x6.6/107-Max_5_6x6_6_3d_2_29137.jpg,MaderaRey,Casa de madera,viviendas,
iberica-t3-44-7.92x11.84,Casa de madera Ibérica T3 7.92x11.84,"Esta villa de grandes dimensiones, con una superficie de 73,8 m², está construida con paredes de 44 mm y suelos de tablones de 19 mm. Su tejado a dos aguas y su distribución en varias habitaciones la hacen ideal tanto para residencia permanente como para uso comercial.",in stock,new,20200.00 EUR,https://maderarey.com/house.html?casa=ib%C3%A9rica-t3-44-7.92x11.84,https://maderarey.com/houses/ib%C3%A9rica-t3-44-7.92x11.84/107-Iberica_T3_3d_exter_3.jpg,MaderaRey,Casa de madera > Premium,viviendas,premium
gustav-b-68-6x8,Casa de madera Gustav B 6x8,"Espacio interior de 43,6 m² con una amplia terraza de 21,3 m², 68 mm de grosor de pared. 28 mm de grosor del suelo. El tejado a dos aguas alcanza una altura de 4,12 m y cubre 3 dormitorios, incluyendo un altillo, ideal para estancias de temporada.",in stock,new,20500.00 EUR,https://maderarey.com/house.html?casa=gustav-b-68-6x8,https://maderarey.com/houses/gustav-b-68-6x8/107-Gustav_B_6x8_68mm_fp_71254.jpg,MaderaRey,Casa de madera,viviendas,
orlando--olga-68-8x9,Casa de madera Orlando  olga 8x9,"Esta casa de verano de 57 m2 cuenta con 2 dormitorios, una amplia sala de estar y un baño, lo que la convierte en el refugio perfecto para una pequeña familia o grupo de amigos. Con su diseño acogedor y amplio espacio, ofrece un ambiente cómodo y acogedor para una escapada relajante.",in stock,new,21000.00 EUR,https://maderarey.com/house.html?casa=orlando--olga-68-8x9,https://maderarey.com/houses/orlando--olga-68-8x9/107-Olga_8x9_3d_1_33572.jpg,MaderaRey,Casa de madera,viviendas,
scarlett-68-7x10.2,Casa de madera Scarlett 7x10.2,"Scarlett ofrece 59 m² de espacio interior con paredes de 68 mm, suelo de 28 mm y techo a dos aguas con una altura máxima de 3,24 m. La distribución incluye 3 dormitorios, una sala de estar y un baño, lo que la hace versátil e ideal para familias. Camión completo: 2 unidades. Dimensiones del paquete: (850x5960x1200), (820x5960x1200), (850x5900x1200), (880x5600x1200), (850x3900x1200)",in stock,new,21100.00 EUR,https://maderarey.com/house.html?casa=scarlett-68-7x10.2,https://maderarey.com/houses/scarlett-68-7x10.2/107-Scarlett_7x10_2_3d_1_19270.jpg,MaderaRey,Casa de madera,viviendas,
orchidea-68-6x11.5,Casa de madera Orchidea 6x11.5,"Esta casa de campo de 62 m2 cuenta con 3 dormitorios, un baño y una amplia sala de estar. El diseño se centra en crear un ambiente luminoso y aireado con muchas ventanas altas.",in stock,new,22000.00 EUR,https://maderarey.com/house.html?casa=orchidea-68-6x11.5,https://maderarey.com/houses/orchidea-68-6x11.5/107-Orchid%C4%97ja_6x11_5_3d_1_00851.jpg,MaderaRey,Casa de madera,viviendas,
maja-68-7.4x10,Casa de madera Maja 7.4x10,"Este modelo cuenta con 49,8 m² de espacio interior y una terraza de 16,5 m², construido con paredes de 68 mm, suelo de madera de 28 mm y tejado a dos aguas con una altura máxima de 3,26 m. Incluye 2 dormitorios, un baño y una amplia zona de estar/cocina, ideal para disfrutar del verano al aire libre.",in stock,new,23800.00 EUR,https://maderarey.com/house.html?casa=maja-68-7.4x10,https://maderarey.com/houses/maja-68-7.4x10/107-Maja_7_4x10_3d_2_25464.jpg,MaderaRey,Casa de madera,viviendas,
leon-58-9.4x10.7,Casa de madera Leon 9.4x10.7,"Esta cabaña estilo villa tiene una superficie de 74,0 m² y cuenta con paredes de 58 mm y suelo de tablones de 19 mm. Su tejado a dos aguas y su elegante diseño la hacen ideal para vivir en ella de forma permanente.",in stock,new,24700.00 EUR,https://maderarey.com/house.html?casa=leon-58-9.4x10.7,https://maderarey.com/houses/leon-58-9.4x10.7/107-Leon_S19497_3d_3_27572.jpg,MaderaRey,Casa de madera,viviendas,
markus-68-7.1x11.1,Casa de madera Markus 7.1x11.1,"Markus combina 62,1 m² de espacio interior con una terraza cubierta de 12,3 m², construida con paredes de 68 mm, suelo de madera de 28 mm y un tejado a dos aguas que alcanza los 3,24 m de altura. La distribución incluye 2 dormitorios, una amplia sala de estar y un baño, ideal para su uso durante todo el año",in stock,new,25000.00 EUR,https://maderarey.com/house.html?casa=markus-68-7.1x11.1,https://maderarey.com/houses/markus-68-7.1x11.1/107-Markus_7_1x11_1_3d_1_71909.jpg,MaderaRey,Casa de madera,viviendas,
oskar-68-8.87x10.04,Casa de madera Oskar 8.87x10.04,"Con 88,7 m² de espacio interior y una terraza que rodea la vivienda, Oskar está construida con paredes de 68 mm, suelo de madera de 28 mm y un tejado a dos aguas que alcanza los 3,3 m de altura. Incluye 2 dormitorios, una amplia zona de estar/cocina y un baño, ideal para disfrutar de una vida campestre con estilo.",in stock,new,25300.00 EUR,https://maderarey.com/house.html?casa=oskar-68-8.87x10.04,https://maderarey.com/houses/oskar-68-8.87x10.04/107-Oskar_8_87x10_04_3d_1_93461.jpg,MaderaRey,Casa de madera,viviendas,
jennifer-68-10.5x8.52,Casa de madera Jennifer 10.5x8.52,"Jennifer ofrece 65,4 m² de espacio interior con paredes de 68 mm y suelo de tablones de 28 mm. Su tejado a dos aguas y sus amplios ventanales la convierten en el lugar ideal para una lujosa casa de verano.",in stock,new,25720.00 EUR,https://maderarey.com/house.html?casa=jennifer-68-10.5x8.52,https://maderarey.com/houses/jennifer-68-10.5x8.52/107-Jennifer_10_5x8_52_3d_1_30857.jpg,MaderaRey,Casa de madera,viviendas,
sevilla-44-7.8x13.74,Casa de madera Sevilla 7.8x13.74,"Sevilla, con una superficie interior de 97,8 m², está construida con paredes de abeto de 44 mm y un tejado a dos aguas que alcanza los 3,31 m de altura. Cuenta con 7 habitaciones, suelos de madera de 19 mm y ventanas de doble acristalamiento, lo que la convierte en una sólida residencia para todo el año o una espaciosa casa de vacaciones.",in stock,new,25750.00 EUR,https://maderarey.com/house.html?casa=sevilla-44-7.8x13.74,https://maderarey.com/houses/sevilla-44-7.8x13.74/107-Sevilla_7_8x13_74_3d_3_20490.jpg,MaderaRey,Casa de madera > Premium,viviendas,premium
leon-68-9.4x10.7,Casa de madera Leon 9.4x10.7,"Esta cabaña estilo villa tiene una superficie de 74,0 m² y cuenta con paredes de 68 mm y suelo de tablones de 28 mm. Su tejado a dos aguas y su elegante diseño la hacen ideal para vivir en ella de forma permanente.",in stock,new,26000.00 EUR,https://maderarey.com/house.html?casa=leon-68-9.4x10.7,https://maderarey.com/houses/leon-68-9.4x10.7/107-Leon_S19497_3d_1_95079.jpg,MaderaRey,Casa de madera,viviendas,
takoma-58-12x8,Casa de madera Takoma 12x8,"Una casa espaciosa con 114,9 m² de superficie interior, construida con madera de 58 mm y con techo a dos aguas. Incluye 4 habitaciones y suelo de tablones de 19 mm, ideal para espacios abiertos. Camión completo: 1 unidad. Dimensiones del paquete: (880x6000x1200), (880x6000x1200), (880x6000x1200), (880x6000x1200), (880x6000x1200), (880x3000x1200), (ST900x2500x2200)",in stock,new,26400.00 EUR,https://maderarey.com/house.html?casa=takoma-58-12x8,https://maderarey.com/houses/takoma-58-12x8/107-Takoma_12x8_3d_2_83487.jpg,MaderaRey,Casa de madera,viviendas,
iberica-t3-68-7.92x11.84,Casa de madera Iberica T3 7.92x11.84,"Construida para el confort, esta casa cuenta con paredes de 68 mm, suelo de 28 mm y un tejado a dos aguas con una altura máxima de 3,31 m. Incluye 73,8 m² de espacio interior más una terraza de 11 m², con 3 dormitorios, una cocina independiente y un amplio salón. Camión completo: 2 unidades. Dimensiones del paquete: (890x5600x1200), (890x5600x1200), (880x5500x1200), (880x5800x1200), (860x6100x1200), (600x4800x1200), (ST600x2200x1700)",in stock,new,27300.00 EUR,https://maderarey.com/house.html?casa=iberica-t3-68-7.92x11.84,https://maderarey.com/houses/iberica-t3-68-7.92x11.84/107-Iberica_T3_3d__exter%203.jpg,MaderaRey,Casa de madera,viviendas,
felix-68-6x10,Casa de madera Felix 6x10,Esta casa de campo de 2 pisos de estilo atemporal ofrece 100m2 de espacio habitable con 4 dormitorios y 2 baños. Es la combinación perfecta de encanto clásico y comodidad moderna.,in stock,new,28500.00 EUR,https://maderarey.com/house.html?casa=felix-68-6x10,https://maderarey.com/houses/felix-68-6x10/107-Felix_6x10_3d_1_98037.jpg,MaderaRey,Casa de madera,viviendas,
verona-68-5.93x8.75,Casa de madera Verona 5.93x8.75,"Verona cuenta con 90 m² de espacio interior, techo a dos aguas y paredes de 68 mm de espesor. Incluye 3 habitaciones y suelo de madera de 28 mm, ideal para una vida cómoda y funcional.",in stock,new,29000.00 EUR,https://maderarey.com/house.html?casa=verona-68-5.93x8.75,https://maderarey.com/houses/verona-68-5.93x8.75/107-Verona_5_9x8_75_3d_3_21793.jpg,MaderaRey,Casa de madera,viviendas,
takoma-68-12x8,Casa de madera Takoma 12x8,"Una casa espaciosa con 114,9 m² de superficie interior, construida con madera de 68 mm y con techo a dos aguas. Incluye 4 habitaciones y suelo de tablones de 28 mm, ideal para espacios abiertos. Camión completo: 1 unidad. Dimensiones del paquete: (880x6000x1200), (880x6000x1200), (880x6000x1200), (880x6000x1200), (880x6000x1200), (880x3000x1200), (ST900x2500x2200)",in stock,new,29100.00 EUR,https://maderarey.com/house.html?casa=takoma-68-12x8,https://maderarey.com/houses/takoma-68-12x8/107-Takoma_12x8_3d_2_83487.jpg,MaderaRey,Casa de madera,viviendas,
vienna-58-8.3x11,Casa de madera Vienna 8.3x11,"El modelo Vienna ofrece 103,9 m² de espacio interior con techo a dos aguas y paredes de madera de 58 mm. Incluye 4 habitaciones y suelo de tablones de 19 mm, ofreciendo una distribución limpia y elegante. Camión completo: 2 unidades. Dimensiones del paquete: (880x6000x1200), (880x6000x1200), (880x6000x1200), (880x6100x1200), (880x5800x1200)",in stock,new,29100.00 EUR,https://maderarey.com/house.html?casa=vienna-58-8.3x11,https://maderarey.com/houses/vienna-58-8.3x11/107-Vienna_8_3x11_3d_3_15700.jpg,MaderaRey,Casa de madera,viviendas,
talinn-58-5x10,Casa de madera Talinn 5x10,"Esta casa de campo cuenta con un estilo atemporal y ofrece 93 m2 de espacio habitable, incluyendo 3 dormitorios, un baño y una sala de estar con una puerta completamente acristalada que conduce a una terraza de 36 m2. Además, la casa incluye un balcón en el segundo piso, proporcionando un amplio espacio para relajarse al aire libre.",in stock,new,30100.00 EUR,https://maderarey.com/house.html?casa=talinn-58-5x10,https://maderarey.com/houses/talinn-58-5x10/107-Talinn_5x10_3d_4_06779.jpg,MaderaRey,Casa de madera,viviendas,
granada-58-8.8x14,Casa de madera Granada 8.8x14,"Granada ofrece 99,5 m² de superficie habitable distribuidos en dos niveles, con paredes de 58 mm y suelos de 19 mm. Su distribución se adapta a un estilo de vida de lujo, con múltiples estancias y amplios ventanales.",in stock,new,31800.00 EUR,https://maderarey.com/house.html?casa=granada-58-8.8x14,https://maderarey.com/houses/granada-58-8.8x14/107-Granada_8_8x14_12_-_Photo_43424.jpg,MaderaRey,Casa de madera,viviendas,
vienna-68-8.3x11,Casa de madera Vienna 8.3x11,"La caseta prefabricada Vienna ofrece 103,9 m² de espacio interior con techo a dos aguas y paredes de madera de 68 mm. Incluye 4 habitaciones y suelo de tablones de 28 mm, ofreciendo una distribución limpia y elegante. Camión completo: 2 unidades. Dimensiones del paquete: (880x6000x1200), (880x6000x1200), (880x6000x1200), (880x6100x1200), (880x5800x1200)",in stock,new,32600.00 EUR,https://maderarey.com/house.html?casa=vienna-68-8.3x11,https://maderarey.com/houses/vienna-68-8.3x11/107-Vienna_8_3x11_3d_1_14120.jpg,MaderaRey,Casa de madera,viviendas,
talinn-68-5x10,Casa de madera Talinn 5x10,"Talinn ofrece 93,4 m² de superficie interior con techo a dos aguas y paredes de 68 mm. Incluye 4 habitaciones y suelo de tablones de 28 mm, ofreciendo una distribución modular para una vida flexible. Camión completo: 2 unidades. Dimensiones del paquete: (870x6000x1200), (870x6000x1200), (870x6000x1200), (850x6000x1200), (870x4700x1200), (760x5700x1200), (500x3900x1200)",in stock,new,33000.00 EUR,https://maderarey.com/house.html?casa=talinn-68-5x10,https://maderarey.com/houses/talinn-68-5x10/107-Talinn_5x10_3d_1_83415.jpg,MaderaRey,Casa de madera,viviendas,
sevilla-68-7.8x13.74,Casa de madera Sevilla 7.8x13.74,"Sevilla, con una superficie interior de 97,8 m², está construida con paredes de abeto de 68 mm y un tejado a dos aguas de 3,31 m de altura. Cuenta con 7 habitaciones, suelo de tablones de 28 mm y ventanas de doble acristalamiento, lo que la convierte en una sólida residencia permanente o una espaciosa casa de vacaciones. Camión completo: 1 unidad. Dimensiones del paquete: (870x6000x1200), (880x5700x1200), (860x5100x1200), (880x4600x1200), (860x5800x1200), (890x4500x1200), (850x4400x1200), (650x4200x1200)",in stock,new,33600.00 EUR,https://maderarey.com/house.html?casa=sevilla-68-7.8x13.74,https://maderarey.com/houses/sevilla-68-7.8x13.74/107-Sevilla_7_8x13_74_3d_3_20490.jpg,MaderaRey,Casa de madera,viviendas,
nagano-58-10.14x8.04,Casa de madera Nagano 10.14x8.04,"Nagano es una casa de dos plantas con 81,2 m² de espacio interior. Construida con paredes de 58 mm y suelo de tablones de 19 mm, es ideal para uso residencial o para alojar huéspedes.",in stock,new,33700.00 EUR,https://maderarey.com/house.html?casa=nagano-58-10.14x8.04,https://maderarey.com/houses/nagano-58-10.14x8.04/107-Nagano_10_14x8_04_68mm_3d_3_42047.jpg,MaderaRey,Casa de madera,viviendas,
athena-58-5.86x11.16,Casa de madera Athena 5.86x11.16,"Esta villa de dos plantas, con una superficie de 86,1 m², está construida con paredes de 58 mm y suelos de 19 mm. Su distribución en varias habitaciones permite un uso residencial permanente con proporciones elegantes.",in stock,new,33900.00 EUR,https://maderarey.com/house.html?casa=athena-58-5.86x11.16,https://maderarey.com/houses/athena-58-5.86x11.16/107-Athena_5_858x11_16_3d_2_85855.jpg,MaderaRey,Casa de madera,viviendas,
wendy-68-9.7x9.8,Casa de madera Wendy 9.7x9.8,"Wendy tiene una superficie de 126 m² con tejado a dos aguas y paredes de 68 mm de espesor, incluyendo el ático. Cuenta con 5 habitaciones y suelo de madera de 28 mm, diseñado para ofrecer confort y abundante luz natural.",in stock,new,36000.00 EUR,https://maderarey.com/house.html?casa=wendy-68-9.7x9.8,https://maderarey.com/houses/wendy-68-9.7x9.8/107-Wendy_9_7x9_8_3d_2_88986.jpg,MaderaRey,Casa de madera,viviendas,
granada-68-8.8x14,Casa de madera Granada 8.8x14,"Granada ofrece 99,5 m² de superficie habitable distribuidos en dos niveles, con paredes de 68 mm y suelos de madera de 28 mm. Su distribución se adapta a un estilo de vida de lujo, con múltiples estancias y amplios ventanales.",in stock,new,36300.00 EUR,https://maderarey.com/house.html?casa=granada-68-8.8x14,https://maderarey.com/houses/granada-68-8.8x14/107-Granada_8_8x14_12_-_Photo_43424.jpg,MaderaRey,Casa de madera,viviendas,
nagano-68-10.14x8.04,Casa de madera Nagano 10.14x8.04,"Nagano es una casa de dos plantas con 81,2 m² de espacio interior. Construida con paredes de 68 mm y suelo de tablones de 28 mm, es ideal para uso residencial o para alojar huéspedes.",in stock,new,36500.00 EUR,https://maderarey.com/house.html?casa=nagano-68-10.14x8.04,https://maderarey.com/houses/nagano-68-10.14x8.04/107-Nagano_10_14x8_04_68mm_3d_3_42047.jpg,MaderaRey,Casa de madera,viviendas,
athena-68-5.86x11.16,Casa de madera Athena 5.86x11.16,"Esta villa, con una superficie de 86,1 m², está construida con paredes de 68 mm y suelos de tablones de 28 mm. Su distribución en varias habitaciones permite un uso residencial permanente con proporciones elegantes.",in stock,new,38200.00 EUR,https://maderarey.com/house.html?casa=athena-68-5.86x11.16,https://maderarey.com/houses/athena-68-5.86x11.16/107-Athena_5_858x11_16_3d_2_13924.jpg,MaderaRey,Casa de madera,viviendas,
winnipeg-58-10.01x16.69,Casa de madera Winnipeg 10.01x16.69,"Esta espaciosa villa ofrece 202,9 m² de superficie interior con techo plano y paredes de 58 mm de grosor. Incluye 6 habitaciones y suelos de madera de 19 mm, ideales para una vida de lujo.",in stock,new,42500.00 EUR,https://maderarey.com/house.html?casa=winnipeg-58-10.01x16.69,https://maderarey.com/houses/winnipeg-58-10.01x16.69/107-Winnipeg_10_01x16_688_3d_3_42292.jpg,MaderaRey,Casa de madera,viviendas,
sweden-58-7.5x13.5,Casa de madera Sweden 7.5x13.5,"Esta encantadora casa de 110 m2 cuenta con ventanas altas en el primer piso y ventanas triangulares en el segundo, que añaden mucha luz natural. Con 3 amplios dormitorios, una espaciosa sala de estar, baño, cocina y acogedor comedor con acceso a la terraza, es la combinación perfecta de comodidad y estilo. Además, el tragaluz añade aún más luminosidad a esta increíble casa.",in stock,new,46000.00 EUR,https://maderarey.com/house.html?casa=sweden-58-7.5x13.5,https://maderarey.com/houses/sweden-58-7.5x13.5/107-Sweden_7_5x13_5_3d_3_84184.jpg,MaderaRey,Casa de madera,viviendas,
sweden-68-7.5x13.5,Casa de madera Sweden 7.5x13.5,"Esta espaciosa villa ofrece 109,4 m² de superficie interior con tejado a dos aguas y paredes de 68 mm de espesor. Incluye 6 habitaciones y cuenta con suelos de madera de 28 mm de grosor para mayor comodidad durante todo el año.",in stock,new,50700.00 EUR,https://maderarey.com/house.html?casa=sweden-68-7.5x13.5,https://maderarey.com/houses/sweden-68-7.5x13.5/107-Sweden_7_5x13_5_3d_3_84184.jpg,MaderaRey,Casa de madera,viviendas,
